Sales,CompPrice,Income,Advertising,Population,Price,ShelveLoc,Age,Education,Urban,US
6.68,107.0,25.0,0.0,412.0,82.0,Bad,36.0,14.0,Yes,No
6.44,96.0,94.0,14.0,384.0,120.0,Medium,36.0,18.0,No,Yes
11.85,136.0,81.0,15.0,425.0,120.0,Good,67.0,10.0,Yes,Yes
3.13,130.0,62.0,11.0,396.0,130.0,Bad,66.0,14.0,Yes,Yes
11.62,151.0,83.0,4.0,325.0,139.0,Good,28.0,17.0,Yes,Yes
11.28,123.0,84.0,0.0,74.0,89.0,Good,59.0,10.0,Yes,No
4.17,123.0,96.0,10.0,71.0,118.0,Bad,69.0,11.0,Yes,Yes
4.1,130.0,28.0,6.0,410.0,133.0,Bad,72.0,16.0,Yes,Yes
3.58,142.0,109.0,0.0,111.0,164.0,Good,72.0,12.0,Yes,No
0.37,147.0,58.0,7.0,100.0,191.0,Bad,27.0,15.0,Yes,Yes
5.97,112.0,24.0,0.0,164.0,101.0,Medium,45.0,11.0,Yes,No
10.62,116.0,79.0,19.0,359.0,116.0,Good,58.0,17.0,Yes,Yes
6.52,125.0,48.0,3.0,192.0,116.0,Medium,51.0,14.0,Yes,Yes
12.53,142.0,90.0,1.0,189.0,112.0,Good,39.0,10.0,No,Yes
10.43,77.0,69.0,0.0,25.0,24.0,Medium,50.0,18.0,Yes,No
10.96,115.0,28.0,11.0,29.0,86.0,Good,53.0,18.0,Yes,Yes
8.68,131.0,25.0,10.0,183.0,104.0,Medium,56.0,15.0,No,Yes
7.22,135.0,93.0,2.0,67.0,119.0,Medium,34.0,11.0,Yes,Yes
3.72,139.0,111.0,5.0,310.0,132.0,Bad,62.0,13.0,Yes,Yes
8.74,155.0,80.0,0.0,237.0,124.0,Medium,37.0,14.0,Yes,No
7.6,146.0,26.0,11.0,261.0,131.0,Medium,39.0,10.0,Yes,Yes
12.49,93.0,106.0,12.0,416.0,55.0,Medium,75.0,15.0,Yes,Yes
8.01,128.0,39.0,12.0,356.0,118.0,Medium,71.0,10.0,Yes,Yes
2.66,136.0,65.0,4.0,133.0,150.0,Bad,53.0,13.0,Yes,Yes
10.71,109.0,22.0,10.0,348.0,79.0,Good,74.0,14.0,No,Yes
6.67,156.0,42.0,13.0,170.0,173.0,Good,74.0,14.0,Yes,Yes
11.7,131.0,67.0,7.0,272.0,126.0,Good,54.0,16.0,No,Yes
5.04,123.0,114.0,0.0,298.0,151.0,Bad,34.0,16.0,Yes,No
11.82,113.0,66.0,16.0,322.0,74.0,Good,76.0,15.0,Yes,Yes
5.83,134.0,82.0,7.0,473.0,112.0,Bad,51.0,12.0,No,Yes
9.01,121.0,78.0,9.0,150.0,100.0,Bad,26.0,10.0,No,Yes
2.34,116.0,83.0,15.0,170.0,144.0,Bad,71.0,11.0,Yes,Yes
10.27,125.0,103.0,12.0,371.0,109.0,Medium,44.0,10.0,Yes,Yes
8.33,107.0,115.0,11.0,496.0,131.0,Good,50.0,11.0,No,Yes
9.43,115.0,62.0,11.0,289.0,129.0,Good,56.0,16.0,No,Yes
5.98,124.0,56.0,11.0,447.0,134.0,Medium,53.0,12.0,No,Yes
6.67,116.0,99.0,5.0,298.0,125.0,Good,62.0,12.0,Yes,Yes
13.91,110.0,110.0,0.0,408.0,68.0,Good,46.0,17.0,No,Yes
9.39,117.0,118.0,14.0,445.0,120.0,Medium,32.0,15.0,Yes,Yes
5.74,106.0,33.0,20.0,354.0,104.0,Medium,61.0,12.0,Yes,Yes
7.52,123.0,39.0,5.0,499.0,98.0,Medium,34.0,15.0,Yes,No
6.98,116.0,40.0,0.0,74.0,97.0,Medium,76.0,15.0,No,No
12.57,132.0,102.0,20.0,459.0,107.0,Good,49.0,11.0,Yes,Yes
9.32,119.0,60.0,0.0,372.0,70.0,Bad,30.0,18.0,No,No
4.38,126.0,98.0,0.0,173.0,108.0,Bad,55.0,16.0,Yes,No
3.07,118.0,83.0,13.0,276.0,104.0,Bad,75.0,10.0,Yes,Yes
4.16,85.0,79.0,6.0,325.0,95.0,Medium,69.0,13.0,Yes,Yes
5.35,130.0,58.0,19.0,366.0,139.0,Bad,33.0,16.0,Yes,Yes
7.32,105.0,32.0,0.0,358.0,107.0,Medium,26.0,13.0,No,No
16.27,141.0,60.0,19.0,319.0,92.0,Good,44.0,11.0,Yes,Yes
11.22,111.0,48.0,16.0,260.0,83.0,Good,65.0,10.0,Yes,Yes
6.03,117.0,32.0,0.0,142.0,96.0,Bad,62.0,17.0,Yes,No
9.48,147.0,42.0,10.0,407.0,132.0,Good,73.0,16.0,No,Yes
12.85,123.0,37.0,15.0,348.0,112.0,Good,28.0,12.0,Yes,Yes
6.97,127.0,45.0,19.0,459.0,129.0,Medium,57.0,11.0,No,Yes
5.64,124.0,24.0,5.0,288.0,122.0,Medium,57.0,12.0,No,Yes
6.2,107.0,32.0,12.0,236.0,137.0,Good,64.0,10.0,No,Yes
3.15,117.0,66.0,1.0,65.0,111.0,Bad,55.0,11.0,Yes,Yes
6.254,107.0,117.0,11.0,148.0,118.0,Good,52.0,18.0,Yes,Yes
11.67,125.0,89.0,10.0,380.0,87.0,Bad,28.0,10.0,Yes,Yes
4.47,143.0,120.0,7.0,279.0,147.0,Bad,40.0,10.0,No,Yes
12.44,127.0,90.0,14.0,16.0,70.0,Medium,48.0,15.0,No,Yes
10.71,109.0,22.0,10.0,348.0,79.0,Good,74.0,14.0,No,Yes
11.62,151.0,83.0,4.0,325.0,139.0,Good,28.0,17.0,Yes,Yes
10.62,116.0,79.0,19.0,359.0,116.0,Good,58.0,17.0,Yes,Yes
8.8,145.0,53.0,0.0,507.0,119.0,Medium,41.0,12.0,Yes,No
11.93,123.0,98.0,12.0,408.0,134.0,Good,29.0,10.0,Yes,Yes
4.56,141.0,63.0,0.0,168.0,135.0,Bad,44.0,12.0,Yes,Yes
9.14,134.0,67.0,0.0,286.0,90.0,Bad,41.0,13.0,Yes,No
5.42,103.0,93.0,15.0,188.0,103.0,Bad,74.0,16.0,Yes,Yes
11.99,119.0,26.0,0.0,284.0,89.0,Good,26.0,10.0,Yes,No
9.31,122.0,87.0,9.0,17.0,106.0,Medium,65.0,13.0,Yes,Yes
8.79,130.0,37.0,13.0,297.0,101.0,Medium,37.0,13.0,No,Yes
7.37,130.0,94.0,8.0,137.0,128.0,Medium,64.0,12.0,Yes,Yes
10.81,124.0,113.0,13.0,501.0,72.0,Bad,78.0,16.0,No,Yes
7.41,99.0,93.0,0.0,198.0,87.0,Medium,57.0,16.0,Yes,Yes
8.47,119.0,88.0,10.0,170.0,101.0,Medium,61.0,13.0,Yes,Yes
6.67,116.0,99.0,5.0,298.0,125.0,Good,62.0,12.0,Yes,Yes
4.1,121.0,78.0,4.0,413.0,130.0,Bad,46.0,10.0,No,Yes
5.55,104.0,100.0,8.0,398.0,97.0,Medium,61.0,11.0,Yes,Yes
12.57,138.0,108.0,17.0,203.0,128.0,Good,33.0,14.0,Yes,Yes
10.98,148.0,63.0,0.0,312.0,130.0,Good,63.0,15.0,Yes,No
4.94,137.0,112.0,15.0,434.0,149.0,Bad,66.0,13.0,Yes,Yes
7.99,127.0,59.0,0.0,339.0,99.0,Medium,65.0,12.0,Yes,No
5.68,130.0,64.0,0.0,40.0,106.0,Bad,39.0,17.0,No,No
4.36,125.0,41.0,2.0,357.0,123.0,Bad,47.0,14.0,No,Yes
5.16,115.0,60.0,0.0,119.0,114.0,Bad,38.0,14.0,No,No
5.57,109.0,51.0,10.0,26.0,120.0,Medium,30.0,17.0,No,Yes
6.03,117.0,32.0,0.0,142.0,96.0,Bad,62.0,17.0,Yes,No
13.39,149.0,69.0,20.0,366.0,134.0,Good,60.0,13.0,Yes,Yes
10.61,157.0,93.0,0.0,51.0,149.0,Good,32.0,17.0,Yes,No
11.18,131.0,111.0,13.0,33.0,80.0,Bad,68.0,18.0,Yes,Yes
2.66,136.0,65.0,4.0,133.0,150.0,Bad,53.0,13.0,Yes,Yes
3.47,107.0,79.0,2.0,488.0,103.0,Bad,65.0,16.0,Yes,No
4.81,121.0,68.0,0.0,279.0,149.0,Good,79.0,12.0,Yes,No
4.88,121.0,47.0,3.0,220.0,107.0,Bad,56.0,16.0,No,Yes
7.63,93.0,117.0,9.0,489.0,83.0,Bad,42.0,13.0,Yes,Yes
4.36,125.0,41.0,2.0,357.0,123.0,Bad,47.0,14.0,No,Yes
8.73,129.0,99.4,16.0,58.0,121.0,Medium,69.0,12.0,Yes,Yes
11.54,134.0,44.0,4.0,219.0,126.0,Good,44.0,15.0,Yes,Yes
6.64,118.0,70.0,0.0,106.0,89.0,Bad,39.0,17.0,Yes,No
2.86,121.0,86.0,10.0,496.0,145.0,Bad,51.0,10.0,Yes,Yes
6.39,131.0,21.0,8.0,220.0,171.0,Good,29.0,14.0,Yes,Yes
6.71,106.0,73.0,0.0,216.0,93.0,Medium,60.0,13.0,Yes,No
12.61,118.0,90.0,10.0,54.0,104.0,Good,31.0,11.0,No,Yes
3.67,132.0,31.0,0.0,327.0,131.0,Medium,76.0,16.0,Yes,No
5.35,130.0,58.0,19.0,366.0,139.0,Bad,33.0,16.0,Yes,Yes
10.61,157.0,93.0,0.0,51.0,149.0,Good,32.0,17.0,Yes,No
11.48,121.0,120.0,13.0,140.0,87.0,Medium,56.0,11.0,Yes,Yes
7.95,128.0,66.0,3.0,493.0,119.0,Medium,45.0,16.0,No,No
8.7,150.0,84.0,9.0,432.0,134.0,Medium,64.0,15.0,Yes,No
9.58,108.0,104.0,23.0,353.0,129.0,Good,37.0,17.0,Yes,Yes
6.85,143.0,81.0,5.0,60.0,154.0,Medium,61.0,18.0,Yes,Yes
9.45,107.0,67.0,12.0,430.0,92.0,Medium,35.0,12.0,No,Yes
6.67,156.0,42.0,13.0,170.0,173.0,Good,74.0,14.0,Yes,Yes
5.12,123.0,36.0,10.0,467.0,100.0,Bad,74.0,11.0,No,Yes
4.74,137.0,60.0,4.0,230.0,140.0,Bad,25.0,13.0,Yes,No
10.0,114.0,43.0,0.0,199.0,88.0,Good,57.0,10.0,No,Yes
6.88,95.0,44.0,4.0,208.0,72.0,Bad,44.0,17.0,Yes,Yes
6.01,131.0,29.0,11.0,335.0,127.0,Bad,33.0,12.0,Yes,Yes
10.0,114.0,43.0,0.0,199.0,88.0,Good,57.0,10.0,No,Yes
4.95,121.0,41.0,5.0,412.0,110.0,Medium,54.0,10.0,Yes,Yes
7.22,114.0,113.0,2.0,129.0,151.0,Good,40.0,15.0,No,Yes
7.96,157.0,53.0,0.0,403.0,124.0,Bad,58.0,16.0,Yes,No
7.36,121.0,24.0,0.0,200.0,133.0,Good,73.0,13.0,Yes,No
10.26,111.0,75.0,1.0,377.0,108.0,Good,25.0,12.0,Yes,No
7.7,118.0,71.0,12.0,44.0,89.0,Medium,67.0,18.0,No,Yes
6.254,107.0,117.0,11.0,148.0,118.0,Good,52.0,18.0,Yes,Yes
14.9,139.0,32.0,0.0,176.0,82.0,Good,54.0,11.0,No,No
10.51,140.0,54.0,9.0,402.0,119.0,Good,41.0,16.0,No,Yes
0.16,102.0,33.0,0.0,217.0,139.0,Medium,70.0,18.0,No,No
8.44,128.0,42.0,8.0,328.0,107.0,Medium,35.0,12.0,Yes,Yes
14.37,95.0,106.0,0.0,256.0,53.0,Good,52.0,17.0,Yes,No
4.34,106.0,44.0,0.0,481.0,111.0,Medium,70.0,14.0,No,No
4.56,141.0,63.0,0.0,168.0,135.0,Bad,44.0,12.0,Yes,Yes
7.44,124.0,84.0,0.0,300.0,104.0,Medium,77.0,15.0,Yes,No
6.88,96.0,39.0,0.0,161.0,112.0,Good,27.0,14.0,No,No
10.77,111.0,58.0,17.0,407.0,103.0,Good,75.0,17.0,No,Yes
10.26,111.0,75.0,1.0,377.0,108.0,Good,25.0,12.0,Yes,No
0.53,122.0,88.0,7.0,36.0,159.0,Bad,28.0,17.0,Yes,Yes
9.5,138.0,73.0,11.0,276.0,120.0,Bad,42.0,17.0,Yes,Yes
11.7,144.0,69.0,11.0,131.0,104.0,Medium,47.0,11.0,Yes,Yes
6.15,146.0,68.0,12.0,328.0,132.0,Bad,51.0,14.0,Yes,Yes
5.68,130.0,64.0,0.0,40.0,106.0,Bad,39.0,17.0,No,No
10.01,133.0,52.0,16.0,290.0,99.0,Medium,43.0,11.0,Yes,Yes
4.11,113.0,69.0,11.0,94.0,106.0,Medium,76.0,12.0,No,Yes
8.47,125.0,103.0,0.0,304.0,112.0,Medium,49.0,13.0,No,No
4.47,143.0,120.0,7.0,279.0,147.0,Bad,40.0,10.0,No,Yes
4.42,121.0,90.0,0.0,150.0,108.0,Bad,75.0,16.0,Yes,No
8.71,149.0,95.0,5.0,400.0,144.0,Medium,76.0,18.0,No,No
14.9,139.0,32.0,0.0,176.0,82.0,Good,54.0,11.0,No,No
5.25,131.0,55.0,0.0,26.0,110.0,Bad,79.0,12.0,Yes,Yes
7.02,130.0,100.0,0.0,306.0,146.0,Good,42.0,11.0,Yes,No
6.88,95.0,44.0,4.0,208.0,72.0,Bad,44.0,17.0,Yes,Yes
8.61,130.0,38.0,0.0,283.0,102.0,Medium,80.0,15.0,Yes,No
10.44,124.0,115.0,16.0,458.0,105.0,Medium,62.0,16.0,No,Yes
8.75,143.0,77.0,25.0,448.0,156.0,Medium,43.0,17.0,Yes,Yes
10.08,116.0,72.0,10.0,456.0,130.0,Good,41.0,14.0,No,Yes
5.07,123.0,91.0,0.0,334.0,96.0,Bad,78.0,17.0,Yes,Yes
11.67,125.0,89.0,10.0,380.0,87.0,Bad,28.0,10.0,Yes,Yes
6.64,118.0,70.0,0.0,106.0,89.0,Bad,39.0,17.0,Yes,No
4.81,97.0,46.0,11.0,267.0,107.0,Medium,80.0,15.0,Yes,Yes
9.64,106.0,64.0,10.0,17.0,89.0,Medium,68.0,17.0,Yes,Yes
9.46,89.0,81.0,15.0,237.0,99.0,Good,74.0,12.0,Yes,Yes
12.98,113.0,33.0,0.0,14.0,63.0,Good,38.0,12.0,Yes,No
3.24,130.0,60.0,0.0,144.0,138.0,Bad,38.0,10.0,No,No
6.01,131.0,29.0,11.0,335.0,127.0,Bad,33.0,12.0,Yes,Yes
6.254,107.0,117.0,11.0,148.0,118.0,Good,52.0,18.0,Yes,Yes
3.47,107.0,79.0,2.0,488.0,103.0,Bad,65.0,16.0,Yes,No
4.1,130.0,28.0,6.0,410.0,133.0,Bad,72.0,16.0,Yes,Yes
9.24,126.0,80.0,19.0,436.0,126.0,Medium,52.0,10.0,Yes,Yes
10.77,111.0,58.0,17.0,407.0,103.0,Good,75.0,17.0,No,Yes
13.44,133.0,103.0,14.0,288.0,122.0,Good,61.0,17.0,Yes,Yes
9.46,89.0,81.0,15.0,237.0,99.0,Good,74.0,12.0,Yes,Yes
5.42,103.0,93.0,15.0,188.0,103.0,Bad,74.0,16.0,Yes,Yes
14.9,139.0,32.0,0.0,176.0,82.0,Good,54.0,11.0,No,No
11.7,131.0,67.0,7.0,272.0,126.0,Good,54.0,16.0,No,Yes
7.67,129.0,117.0,8.0,400.0,101.0,Bad,36.0,10.0,Yes,Yes
8.23,149.0,84.0,5.0,220.0,139.0,Medium,33.0,10.0,Yes,Yes
12.98,113.0,33.0,0.0,14.0,63.0,Good,38.0,12.0,Yes,No
11.19,122.0,69.0,7.0,303.0,105.0,Good,45.0,16.0,No,Yes
11.54,134.0,44.0,4.0,219.0,126.0,Good,44.0,15.0,Yes,Yes
6.5,108.0,69.0,3.0,208.0,94.0,Medium,77.0,16.0,Yes,No
8.89,122.0,76.0,0.0,270.0,100.0,Good,60.0,18.0,No,No
6.95,128.0,29.0,5.0,324.0,159.0,Good,31.0,15.0,Yes,Yes
7.8,100.0,67.0,12.0,184.0,104.0,Medium,32.0,16.0,No,Yes
5.81,125.0,111.0,0.0,404.0,107.0,Bad,54.0,15.0,Yes,No
7.56,110.0,119.0,0.0,384.0,97.0,Medium,72.0,14.0,No,Yes
4.55,111.0,56.0,0.0,504.0,110.0,Medium,62.0,16.0,Yes,No
8.69,113.0,64.0,10.0,68.0,101.0,Medium,57.0,16.0,Yes,Yes
4.78,131.0,32.0,1.0,85.0,133.0,Medium,48.0,12.0,Yes,Yes
14.37,95.0,106.0,0.0,256.0,53.0,Good,52.0,17.0,Yes,No
0.91,93.0,91.0,0.0,22.0,117.0,Bad,75.0,11.0,Yes,No
7.8,119.0,33.0,0.0,245.0,122.0,Good,56.0,14.0,Yes,No
7.8,136.0,48.0,12.0,326.0,125.0,Medium,36.0,16.0,Yes,Yes
0.53,122.0,88.0,7.0,36.0,159.0,Bad,28.0,17.0,Yes,Yes
15.63,122.0,36.0,5.0,369.0,72.0,Good,35.0,10.0,Yes,Yes
12.49,122.0,77.0,24.0,382.0,127.0,Good,36.0,16.0,No,Yes
9.95,132.0,33.0,7.0,35.0,97.0,Medium,60.0,11.0,No,Yes
6.68,107.0,25.0,0.0,412.0,82.0,Bad,36.0,14.0,Yes,No
9.0,128.0,62.0,7.0,125.0,116.0,Medium,43.0,14.0,Yes,Yes
6.8,137.0,117.0,5.0,337.0,135.0,Bad,38.0,10.0,Yes,Yes
3.9,114.0,83.0,0.0,412.0,131.0,Bad,39.0,14.0,Yes,No
5.73,141.0,33.0,0.0,243.0,144.0,Medium,34.0,17.0,Yes,No
1.82,139.0,45.0,0.0,146.0,133.0,Bad,77.0,17.0,Yes,Yes
8.19,127.0,103.0,0.0,125.0,155.0,Good,29.0,15.0,No,Yes
4.99,122.0,59.0,0.0,501.0,112.0,Bad,32.0,14.0,No,No
9.5,138.0,73.0,11.0,276.0,120.0,Bad,42.0,17.0,Yes,Yes
11.67,125.0,89.0,10.0,380.0,87.0,Bad,28.0,10.0,Yes,Yes
6.87,128.0,105.0,11.0,249.0,131.0,Medium,63.0,13.0,Yes,Yes
9.44,131.0,47.0,7.0,90.0,118.0,Medium,47.0,12.0,Yes,Yes
2.52,124.0,61.0,0.0,333.0,138.0,Medium,76.0,16.0,Yes,No
6.59,109.0,73.0,0.0,454.0,102.0,Medium,65.0,15.0,Yes,No
4.21,118.0,35.0,14.0,502.0,137.0,Medium,79.0,10.0,No,Yes
8.01,113.0,100.0,16.0,353.0,79.0,Bad,68.0,11.0,Yes,Yes
5.21,118.0,71.0,4.0,148.0,114.0,Medium,80.0,13.0,Yes,No
5.32,118.0,74.0,6.0,426.0,102.0,Medium,80.0,18.0,Yes,Yes
4.94,137.0,112.0,15.0,434.0,149.0,Bad,66.0,13.0,Yes,Yes
3.47,107.0,79.0,2.0,488.0,103.0,Bad,65.0,16.0,Yes,No
13.91,110.0,110.0,0.0,408.0,68.0,Good,46.0,17.0,No,Yes
8.33,107.0,115.0,11.0,496.0,131.0,Good,50.0,11.0,No,Yes
6.89,129.0,69.0,10.0,289.0,110.0,Medium,50.0,16.0,No,Yes
9.1,128.0,93.0,12.0,343.0,112.0,Good,73.0,17.0,No,Yes
11.82,113.0,66.0,16.0,322.0,74.0,Good,76.0,15.0,Yes,Yes
3.58,142.0,109.0,0.0,111.0,164.0,Good,72.0,12.0,Yes,No
7.8,121.0,50.0,0.0,508.0,98.0,Medium,65.0,11.0,No,No
5.58,134.0,25.0,10.0,237.0,148.0,Medium,59.0,13.0,Yes,Yes
5.93,150.0,36.0,7.0,488.0,150.0,Medium,25.0,17.0,No,Yes
8.21,127.0,44.0,13.0,160.0,123.0,Good,63.0,18.0,Yes,Yes
5.32,152.0,116.0,0.0,170.0,160.0,Medium,39.0,16.0,Yes,No
9.16,137.0,105.0,10.0,435.0,156.0,Good,72.0,14.0,Yes,Yes
13.39,149.0,69.0,20.0,366.0,134.0,Good,60.0,13.0,Yes,Yes
10.5,122.0,21.0,16.0,488.0,131.0,Good,30.0,14.0,Yes,Yes
3.02,98.0,21.0,11.0,326.0,90.0,Bad,76.0,11.0,No,Yes
6.68,107.0,25.0,0.0,412.0,82.0,Bad,36.0,14.0,Yes,No
6.67,156.0,42.0,13.0,170.0,173.0,Good,74.0,14.0,Yes,Yes
7.45,161.0,82.0,5.0,287.0,129.0,Bad,33.0,16.0,Yes,Yes
5.71,121.0,42.0,4.0,188.0,118.0,Medium,54.0,15.0,Yes,Yes
9.43,115.0,62.0,11.0,289.0,129.0,Good,56.0,16.0,No,Yes
5.16,115.0,60.0,0.0,119.0,114.0,Bad,38.0,14.0,No,No
9.32,141.0,34.0,16.0,361.0,108.0,Medium,69.0,10.0,Yes,Yes
6.14,139.0,23.0,3.0,37.0,120.0,Medium,55.0,11.0,No,Yes
6.53,154.0,30.0,0.0,122.0,162.0,Medium,57.0,17.0,No,No
5.04,123.0,114.0,0.0,298.0,151.0,Bad,34.0,16.0,Yes,No
12.57,138.0,108.0,17.0,203.0,128.0,Good,33.0,14.0,Yes,Yes
7.9,132.0,46.0,4.0,206.0,124.0,Medium,73.0,11.0,Yes,No
7.58,118.0,32.0,0.0,284.0,110.0,Good,63.0,13.0,Yes,No
9.53,175.0,65.0,29.0,419.0,166.0,Medium,53.0,12.0,Yes,Yes
6.1,153.0,63.0,0.0,49.0,124.0,Bad,56.0,16.0,Yes,No
6.88,119.0,100.0,5.0,45.0,108.0,Medium,75.0,10.0,Yes,Yes
10.81,124.0,113.0,13.0,501.0,72.0,Bad,78.0,16.0,No,Yes
8.32,122.0,102.0,19.0,469.0,123.0,Bad,29.0,13.0,Yes,Yes
5.07,123.0,91.0,0.0,334.0,96.0,Bad,78.0,17.0,Yes,Yes
11.85,136.0,81.0,15.0,425.0,120.0,Good,67.0,10.0,Yes,Yes
4.19,117.0,93.0,4.0,420.0,112.0,Bad,66.0,11.0,Yes,Yes
4.42,109.0,36.0,7.0,468.0,94.0,Bad,56.0,11.0,Yes,Yes
7.81,104.0,99.0,15.0,226.0,102.0,Bad,58.0,17.0,Yes,Yes
3.72,139.0,111.0,5.0,310.0,132.0,Bad,62.0,13.0,Yes,Yes
10.77,111.0,58.0,17.0,407.0,103.0,Good,75.0,17.0,No,Yes
4.95,121.0,28.0,19.0,315.0,121.0,Medium,66.0,14.0,Yes,Yes
4.68,124.0,46.0,0.0,199.0,135.0,Medium,52.0,14.0,No,No
9.01,121.0,78.0,9.0,150.0,100.0,Bad,26.0,10.0,No,Yes
2.99,103.0,74.0,0.0,359.0,97.0,Bad,55.0,11.0,Yes,Yes
6.18,120.0,70.0,15.0,464.0,110.0,Medium,72.0,15.0,Yes,Yes
4.47,143.0,120.0,7.0,279.0,147.0,Bad,40.0,10.0,No,Yes
15.63,122.0,36.0,5.0,369.0,72.0,Good,35.0,10.0,Yes,Yes
7.62,132.0,98.0,2.0,265.0,97.0,Bad,62.0,12.0,Yes,Yes
4.42,109.0,36.0,7.0,468.0,94.0,Bad,56.0,11.0,Yes,Yes
2.07,119.0,98.0,0.0,18.0,126.0,Bad,73.0,17.0,No,No
3.98,122.0,35.0,2.0,393.0,136.0,Medium,62.0,18.0,Yes,No
0.91,93.0,91.0,0.0,22.0,117.0,Bad,75.0,11.0,Yes,No
5.12,123.0,36.0,10.0,467.0,100.0,Bad,74.0,11.0,No,Yes
10.98,148.0,63.0,0.0,312.0,130.0,Good,63.0,15.0,Yes,No
4.53,129.0,42.0,13.0,315.0,130.0,Bad,34.0,13.0,Yes,Yes
7.62,132.0,98.0,2.0,265.0,97.0,Bad,62.0,12.0,Yes,Yes
5.94,100.0,79.0,7.0,284.0,95.0,Bad,50.0,12.0,Yes,Yes
4.88,121.0,47.0,3.0,220.0,107.0,Bad,56.0,16.0,No,Yes
7.64,128.0,78.0,0.0,341.0,128.0,Good,45.0,13.0,No,No
9.5,138.0,73.0,11.0,276.0,120.0,Bad,42.0,17.0,Yes,Yes
10.48,138.0,72.0,0.0,148.0,94.0,Medium,27.0,17.0,Yes,Yes
13.55,125.0,94.0,0.0,447.0,89.0,Good,30.0,12.0,Yes,No
7.57,112.0,88.0,2.0,243.0,99.0,Medium,62.0,11.0,Yes,Yes
10.66,104.0,71.0,14.0,89.0,81.0,Medium,25.0,14.0,No,Yes
12.66,148.0,76.0,3.0,126.0,99.0,Good,60.0,11.0,Yes,Yes
4.17,123.0,96.0,10.0,71.0,118.0,Bad,69.0,11.0,Yes,Yes
5.94,138.0,83.0,0.0,139.0,134.0,Medium,54.0,18.0,Yes,No
5.17,131.0,75.0,0.0,10.0,120.0,Bad,31.0,18.0,No,No
8.64,111.0,101.0,17.0,266.0,91.0,Medium,63.0,17.0,No,Yes
13.14,137.0,80.0,10.0,24.0,105.0,Good,61.0,15.0,Yes,Yes
5.36,135.0,110.0,0.0,112.0,117.0,Medium,80.0,16.0,No,No
2.67,115.0,54.0,0.0,406.0,128.0,Medium,42.0,17.0,Yes,Yes
2.05,131.0,82.0,0.0,132.0,157.0,Bad,25.0,14.0,Yes,No
7.22,114.0,113.0,2.0,129.0,151.0,Good,40.0,15.0,No,Yes
11.27,153.0,68.0,2.0,60.0,133.0,Good,59.0,16.0,Yes,Yes
10.36,107.0,105.0,18.0,428.0,103.0,Medium,34.0,12.0,Yes,Yes
6.56,117.0,42.0,7.0,144.0,111.0,Medium,62.0,10.0,Yes,Yes
4.99,122.0,59.0,0.0,501.0,112.0,Bad,32.0,14.0,No,No
7.62,132.0,98.0,2.0,265.0,97.0,Bad,62.0,12.0,Yes,Yes
6.67,107.0,119.0,11.0,210.0,132.0,Medium,53.0,11.0,Yes,Yes
8.86,145.0,30.0,0.0,67.0,104.0,Medium,55.0,17.0,Yes,No
6.23,112.0,38.0,17.0,316.0,104.0,Medium,80.0,16.0,Yes,Yes
8.39,115.0,97.0,5.0,134.0,84.0,Bad,55.0,11.0,Yes,Yes
9.71,134.0,37.0,0.0,27.0,120.0,Good,49.0,16.0,Yes,Yes
10.62,116.0,79.0,19.0,359.0,116.0,Good,58.0,17.0,Yes,Yes
4.47,143.0,120.0,7.0,279.0,147.0,Bad,40.0,10.0,No,Yes
8.39,115.0,97.0,5.0,134.0,84.0,Bad,55.0,11.0,Yes,Yes
10.71,109.0,22.0,10.0,348.0,79.0,Good,74.0,14.0,No,Yes
9.43,115.0,62.0,11.0,289.0,129.0,Good,56.0,16.0,No,Yes
0.37,147.0,58.0,7.0,100.0,191.0,Bad,27.0,15.0,Yes,Yes
12.3,146.0,62.0,10.0,310.0,94.0,Medium,30.0,13.0,No,Yes
7.64,128.0,78.0,0.0,341.0,128.0,Good,45.0,13.0,No,No
9.71,134.0,37.0,0.0,27.0,120.0,Good,49.0,16.0,Yes,Yes
4.99,122.0,59.0,0.0,501.0,112.0,Bad,32.0,14.0,No,No
3.42,141.0,57.0,13.0,376.0,158.0,Medium,64.0,18.0,Yes,Yes
6.254,107.0,117.0,11.0,148.0,118.0,Good,52.0,18.0,Yes,Yes
8.31,133.0,97.0,0.0,70.0,117.0,Medium,32.0,16.0,Yes,No
5.05,125.0,67.0,0.0,86.0,117.0,Bad,65.0,11.0,Yes,No
9.54,125.0,87.0,9.0,232.0,136.0,Good,72.0,10.0,Yes,Yes
11.07,131.0,84.0,11.0,29.0,96.0,Medium,44.0,17.0,No,Yes
9.08,152.0,81.0,0.0,191.0,126.0,Medium,54.0,16.0,Yes,No
8.77,144.0,63.0,11.0,27.0,117.0,Medium,47.0,17.0,Yes,Yes
10.5,122.0,21.0,16.0,488.0,131.0,Good,30.0,14.0,Yes,Yes
10.51,140.0,54.0,9.0,402.0,119.0,Good,41.0,16.0,No,Yes
5.83,134.0,82.0,7.0,473.0,112.0,Bad,51.0,12.0,No,Yes
8.25,136.0,58.0,16.0,241.0,131.0,Medium,44.0,18.0,Yes,Yes
7.78,86.0,54.0,0.0,497.0,64.0,Bad,33.0,12.0,Yes,No
12.57,138.0,108.0,17.0,203.0,128.0,Good,33.0,14.0,Yes,Yes
8.32,122.0,102.0,19.0,469.0,123.0,Bad,29.0,13.0,Yes,Yes
7.63,93.0,117.0,9.0,489.0,83.0,Bad,42.0,13.0,Yes,Yes
3.9,114.0,83.0,0.0,412.0,131.0,Bad,39.0,14.0,Yes,No
4.69,128.0,113.0,0.0,113.6,124.0,Medium,76.0,17.0,No,Yes
10.59,131.0,120.0,15.0,262.0,124.0,Medium,30.0,10.0,Yes,Yes
8.19,127.0,103.0,0.0,125.0,155.0,Good,29.0,15.0,No,Yes
10.26,135.0,100.0,22.0,463.0,122.0,Medium,36.0,14.0,Yes,Yes
8.19,111.0,105.0,0.0,466.0,97.0,Bad,61.0,10.0,No,No
8.43,138.0,80.0,0.0,108.0,126.0,Good,70.0,13.0,No,Yes
5.81,125.0,111.0,0.0,404.0,107.0,Bad,54.0,15.0,Yes,No
2.23,111.0,25.0,0.0,52.0,121.0,Bad,43.0,18.0,No,No
9.7,138.0,61.0,12.0,156.0,120.0,Medium,25.0,14.0,Yes,Yes
3.24,130.0,60.0,0.0,144.0,138.0,Bad,38.0,10.0,No,No
7.54,115.0,89.0,0.0,38.0,122.0,Medium,25.0,12.0,Yes,No
10.81,124.0,113.0,13.0,501.0,72.0,Bad,78.0,16.0,No,Yes
3.89,123.0,105.0,0.0,149.0,118.0,Bad,62.0,16.0,Yes,Yes
5.36,111.0,52.0,0.0,12.0,101.0,Medium,61.0,11.0,Yes,Yes
8.67,142.0,73.0,14.0,238.0,115.0,Medium,73.0,14.0,No,Yes
8.22,148.0,64.0,0.0,58.0,141.0,Medium,27.0,13.0,No,Yes
4.38,126.0,98.0,0.0,173.0,108.0,Bad,55.0,16.0,Yes,No
5.4,149.0,73.0,13.0,381.0,163.0,Bad,26.0,11.0,No,Yes
3.62,112.0,80.0,5.0,500.0,128.0,Medium,69.0,10.0,Yes,Yes
5.53,126.0,32.0,8.0,95.0,132.0,Medium,50.0,17.0,Yes,Yes
12.85,123.0,37.0,15.0,348.0,112.0,Good,28.0,12.0,Yes,Yes
2.34,116.0,83.0,15.0,170.0,144.0,Bad,71.0,11.0,Yes,Yes
12.29,147.0,66.0,7.6,251.0,131.0,Medium,52.0,10.0,Yes,Yes
5.68,130.0,64.0,0.0,40.0,106.0,Bad,39.0,17.0,No,No
9.14,134.0,67.0,0.0,286.0,90.0,Bad,41.0,13.0,Yes,No
11.22,111.0,48.0,16.0,260.0,83.0,Good,65.0,10.0,Yes,Yes
11.82,113.0,66.0,16.0,322.0,74.0,Good,76.0,15.0,Yes,Yes
5.58,137.0,71.0,0.0,402.0,116.0,Medium,78.0,17.0,Yes,No
2.07,119.0,98.0,0.0,18.0,126.0,Bad,73.0,17.0,No,No
1.82,139.0,45.0,0.0,146.0,133.0,Bad,77.0,17.0,Yes,Yes
6.71,119.0,67.0,17.0,151.0,137.0,Medium,55.0,11.0,Yes,Yes
4.53,114.0,113.0,0.0,97.0,125.0,Medium,29.0,12.0,Yes,No
9.01,126.0,61.0,14.0,152.0,115.0,Medium,47.0,16.0,Yes,Yes
8.39,115.0,97.0,5.0,134.0,84.0,Bad,55.0,11.0,Yes,Yes
2.05,131.0,82.0,0.0,132.0,157.0,Bad,25.0,14.0,Yes,No
3.63,122.0,74.0,0.0,424.0,149.0,Medium,51.0,13.0,Yes,No
5.01,159.0,69.0,0.0,438.0,166.0,Medium,46.0,17.0,Yes,No
7.49,136.0,119.0,6.0,178.0,145.0,Medium,35.0,13.0,Yes,Yes
3.02,98.0,21.0,11.0,326.0,90.0,Bad,76.0,11.0,No,Yes
3.58,142.0,109.0,0.0,111.0,164.0,Good,72.0,12.0,Yes,No
8.14,135.0,89.0,11.0,245.0,78.0,Bad,79.0,16.0,Yes,Yes
7.53,117.0,118.0,11.0,429.0,113.0,Medium,67.0,18.0,No,Yes
6.2,107.0,32.0,12.0,236.0,137.0,Good,64.0,10.0,No,Yes
8.65,123.0,76.0,18.0,218.0,120.0,Medium,29.0,14.0,No,Yes
5.05,125.0,67.0,0.0,86.0,117.0,Bad,65.0,11.0,Yes,No
6.03,117.0,32.0,0.0,142.0,96.0,Bad,62.0,17.0,Yes,No
3.91,116.0,52.0,0.0,349.0,98.0,Bad,69.0,18.0,Yes,No
10.21,121.0,58.0,8.0,249.0,90.0,Medium,48.0,13.0,No,Yes
11.85,136.0,81.0,15.0,425.0,120.0,Good,67.0,10.0,Yes,Yes
6.93,135.0,69.0,14.0,296.0,130.0,Medium,73.0,15.0,Yes,Yes
11.85,136.0,81.0,15.0,425.0,120.0,Good,67.0,10.0,Yes,Yes
6.53,140.0,42.0,0.0,331.0,131.0,Bad,28.0,15.0,Yes,No
12.98,113.0,33.0,0.0,14.0,63.0,Good,38.0,12.0,Yes,No
4.38,126.0,98.0,0.0,173.0,108.0,Bad,55.0,16.0,Yes,No
5.94,100.0,79.0,7.0,284.0,95.0,Bad,50.0,12.0,Yes,Yes
10.77,111.0,58.0,17.0,407.0,103.0,Good,75.0,17.0,No,Yes
7.02,130.0,100.0,0.0,306.0,146.0,Good,42.0,11.0,Yes,No
8.418,134.0,29.0,12.0,239.0,109.0,Good,62.0,18.0,No,Yes
2.66,136.0,65.0,4.0,133.0,150.0,Bad,53.0,13.0,Yes,Yes
7.36,121.0,24.0,0.0,200.0,133.0,Good,73.0,13.0,Yes,No
9.33,103.0,81.0,3.0,491.0,54.0,Medium,66.0,13.0,Yes,No
6.03,133.0,60.0,10.0,277.0,129.0,Medium,45.0,18.0,Yes,Yes
6.5,148.0,51.0,16.0,148.0,150.0,Medium,58.0,17.0,No,Yes
6.9,120.0,56.0,20.0,266.0,90.0,Bad,78.0,18.0,Yes,Yes
4.43,134.0,48.0,1.0,139.0,145.0,Medium,65.0,12.0,Yes,Yes
6.88,95.0,44.0,4.0,208.0,72.0,Bad,44.0,17.0,Yes,Yes
8.55,88.0,111.0,23.0,480.0,92.0,Bad,36.0,16.0,No,Yes
11.93,123.0,98.0,12.0,408.0,134.0,Good,29.0,10.0,Yes,Yes
10.06,113.0,35.0,10.0,269.0,80.0,Medium,59.0,12.0,Yes,Yes
7.81,104.0,99.0,15.0,226.0,102.0,Bad,58.0,17.0,Yes,Yes
8.85,127.0,92.0,0.0,508.0,91.0,Medium,56.0,18.0,Yes,No
11.22,111.0,48.0,16.0,260.0,83.0,Good,65.0,10.0,Yes,Yes
9.32,119.0,60.0,0.0,372.0,70.0,Bad,30.0,18.0,No,No
13.28,139.0,70.0,7.0,71.0,96.0,Good,61.0,10.0,Yes,Yes
6.41,125.0,90.0,2.0,367.0,131.0,Medium,35.0,18.0,Yes,Yes
6.97,106.0,46.0,11.0,414.0,96.0,Bad,79.0,17.0,No,No
10.07,130.0,100.0,11.0,449.0,107.0,Medium,64.0,10.0,Yes,Yes
8.97,132.0,107.0,0.0,144.0,125.0,Medium,33.0,13.0,No,No
12.53,142.0,90.0,1.0,189.0,112.0,Good,39.0,10.0,No,Yes
9.71,134.0,37.0,0.0,27.0,120.0,Good,49.0,16.0,Yes,Yes
5.86,136.0,70.0,12.0,171.0,152.0,Medium,44.0,18.0,Yes,Yes
10.26,111.0,75.0,1.0,377.0,108.0,Good,25.0,12.0,Yes,No
6.63,115.0,105.0,0.0,45.0,108.0,Medium,71.0,15.0,Yes,No
12.11,118.0,117.0,18.0,509.0,104.0,Medium,26.0,15.0,No,Yes
2.23,111.0,25.0,0.0,52.0,121.0,Bad,43.0,18.0,No,No
8.77,114.0,38.0,13.0,317.0,128.0,Good,50.0,16.0,Yes,Yes
4.2,147.0,40.0,0.0,277.0,144.0,Medium,73.0,10.0,Yes,No
5.08,135.0,75.0,0.0,202.0,128.0,Medium,80.0,10.0,No,No
5.07,123.0,91.0,0.0,334.0,96.0,Bad,78.0,17.0,Yes,Yes
8.57,116.0,78.0,1.0,158.0,99.0,Medium,45.0,11.0,Yes,Yes
3.9,124.0,65.0,21.0,496.0,151.0,Bad,77.0,13.0,Yes,Yes
6.37,120.0,77.0,15.0,86.0,132.0,Medium,48.0,18.0,Yes,Yes
6.62,132.0,118.0,12.0,272.0,151.0,Medium,43.0,14.0,Yes,Yes
7.72,133.0,33.0,10.0,333.0,129.0,Good,71.0,14.0,Yes,Yes
7.78,86.0,54.0,0.0,497.0,64.0,Bad,33.0,12.0,Yes,No
7.63,93.0,117.0,9.0,489.0,83.0,Bad,42.0,13.0,Yes,Yes
12.57,132.0,102.0,20.0,459.0,107.0,Good,49.0,11.0,Yes,Yes
11.19,122.0,69.0,7.0,303.0,105.0,Good,45.0,16.0,No,Yes
4.12,123.0,42.0,11.0,16.0,134.0,Medium,59.0,13.0,Yes,Yes
12.98,113.0,33.0,0.0,14.0,63.0,Good,38.0,12.0,Yes,No
6.39,131.0,21.0,8.0,220.0,171.0,Good,29.0,14.0,Yes,Yes
11.18,131.0,111.0,13.0,33.0,80.0,Bad,68.0,18.0,Yes,Yes
14.9,139.0,32.0,0.0,176.0,82.0,Good,54.0,11.0,No,No
5.61,138.0,107.0,9.0,480.0,154.0,Medium,47.0,11.0,No,Yes
4.67,111.0,28.0,0.0,486.0,111.0,Medium,29.0,12.0,No,No
7.74,150.0,96.0,0.0,80.0,154.0,Good,61.0,11.0,Yes,No
8.98,115.0,65.0,0.0,217.0,90.0,Medium,60.0,17.0,No,No
0.0,139.0,24.0,0.0,358.0,185.0,Medium,79.0,15.0,No,No
11.54,134.0,44.0,4.0,219.0,126.0,Good,44.0,15.0,Yes,Yes
4.1,130.0,28.0,6.0,410.0,133.0,Bad,72.0,16.0,Yes,Yes
3.02,98.0,21.0,11.0,326.0,90.0,Bad,76.0,11.0,No,Yes
9.35,98.0,117.0,0.0,76.0,68.0,Medium,63.0,10.0,Yes,No
4.38,126.0,98.0,0.0,173.0,108.0,Bad,55.0,16.0,Yes,No
9.4,135.0,40.0,17.0,497.0,96.0,Medium,54.0,17.0,No,Yes
5.68,113.0,22.0,1.0,317.0,132.0,Medium,28.0,12.0,Yes,No
7.4,117.0,100.0,4.0,466.0,97.0,Medium,55.0,14.0,Yes,Yes
6.68,107.0,25.0,0.0,412.0,82.0,Bad,36.0,14.0,Yes,No
6.38,135.0,91.0,5.0,207.0,128.0,Medium,66.0,18.0,Yes,Yes
3.47,108.0,38.0,0.0,251.0,81.0,Bad,72.0,14.0,No,No
11.19,98.0,104.0,0.0,404.0,72.0,Medium,27.0,18.0,No,No
1.82,139.0,45.0,0.0,146.0,133.0,Bad,77.0,17.0,Yes,Yes
6.54,132.0,110.0,0.0,108.0,124.0,Medium,76.0,10.0,Yes,No
11.48,104.0,41.0,15.0,492.0,77.0,Good,73.0,18.0,Yes,Yes
5.94,100.0,79.0,7.0,284.0,95.0,Bad,50.0,12.0,Yes,Yes
5.83,134.0,82.0,7.0,473.0,112.0,Bad,51.0,12.0,No,Yes
10.49,122.0,84.0,8.0,176.0,114.0,Good,57.0,10.0,No,Yes
6.88,95.0,44.0,4.0,208.0,72.0,Bad,44.0,17.0,Yes,Yes
4.96,133.0,100.0,3.0,350.0,126.0,Bad,55.0,13.0,Yes,Yes
6.67,116.0,99.0,5.0,298.0,125.0,Good,62.0,12.0,Yes,Yes
12.01,136.0,63.0,0.0,160.0,94.0,Medium,38.0,12.0,Yes,No
9.16,137.0,105.0,10.0,435.0,156.0,Good,72.0,14.0,Yes,Yes
15.63,122.0,36.0,5.0,369.0,72.0,Good,35.0,10.0,Yes,Yes
5.08,139.2,46.0,6.0,497.0,138.0,Medium,42.0,13.0,Yes,No
12.61,118.0,90.0,10.0,54.0,104.0,Good,31.0,11.0,No,Yes
9.48,147.0,42.0,10.0,407.0,132.0,Good,73.0,16.0,No,Yes
6.52,128.0,42.0,0.0,436.0,118.0,Medium,80.0,11.0,Yes,No
11.27,100.0,54.0,9.0,433.0,89.0,Good,45.0,12.0,Yes,Yes
5.25,131.0,55.0,0.0,26.0,110.0,Bad,79.0,12.0,Yes,Yes
5.56,144.0,92.0,0.0,349.0,146.0,Medium,62.0,12.0,No,No
6.68,107.0,25.0,0.0,412.0,82.0,Bad,36.0,14.0,Yes,No
8.418,134.0,29.0,12.0,239.0,109.0,Good,62.0,18.0,No,Yes
4.81,121.0,68.0,0.0,279.0,149.0,Good,79.0,12.0,Yes,No
7.38,98.0,120.0,0.0,268.0,93.0,Medium,72.0,10.0,No,No
7.91,153.0,40.0,3.0,112.0,129.0,Bad,39.0,18.0,Yes,Yes
11.54,134.0,44.0,4.0,219.0,126.0,Good,44.0,15.0,Yes,Yes
10.08,116.0,72.0,10.0,456.0,130.0,Good,41.0,14.0,No,Yes
12.53,142.0,90.0,1.0,189.0,112.0,Good,39.0,10.0,No,Yes
8.55,88.0,111.0,23.0,480.0,92.0,Bad,36.0,16.0,No,Yes
10.31,159.0,80.0,0.0,362.0,121.0,Medium,26.0,18.0,Yes,No
10.14,145.0,119.0,16.0,294.0,113.0,Bad,42.0,12.0,Yes,Yes
5.27,98.0,118.0,0.0,19.0,107.0,Medium,64.0,17.0,Yes,No
7.3,129.0,89.0,0.0,425.0,117.0,Medium,45.0,10.0,Yes,No
2.93,143.0,21.0,5.0,81.0,160.0,Medium,67.0,12.0,No,Yes
7.71,123.0,81.0,8.0,198.0,81.0,Bad,80.0,15.0,Yes,Yes
6.95,128.0,29.0,5.0,324.0,159.0,Good,31.0,15.0,Yes,Yes
9.58,108.0,104.0,23.0,353.0,129.0,Good,37.0,17.0,Yes,Yes
7.52,116.0,72.0,0.0,237.0,128.0,Good,70.0,13.0,Yes,No
11.82,113.0,66.0,16.0,322.0,74.0,Good,76.0,15.0,Yes,Yes
7.72,133.0,33.0,10.0,333.0,129.0,Good,71.0,14.0,Yes,Yes
15.63,122.0,36.0,5.0,369.0,72.0,Good,35.0,10.0,Yes,Yes
13.91,110.0,110.0,0.0,408.0,68.0,Good,46.0,17.0,No,Yes
3.15,117.0,66.0,1.0,65.0,111.0,Bad,55.0,11.0,Yes,Yes
3.07,118.0,83.0,13.0,276.0,104.0,Bad,75.0,10.0,Yes,Yes
5.87,131.0,73.0,13.0,455.0,132.0,Medium,62.0,17.0,Yes,Yes
16.27,141.0,60.0,19.0,319.0,92.0,Good,44.0,11.0,Yes,Yes
5.12,123.0,36.0,10.0,467.0,100.0,Bad,74.0,11.0,No,Yes
10.51,140.0,54.0,9.0,402.0,119.0,Good,41.0,16.0,No,Yes
8.89,122.0,76.0,0.0,270.0,100.0,Good,60.0,18.0,No,No
5.3,133.0,31.0,1.0,80.0,145.0,Medium,42.0,18.0,Yes,Yes
12.49,122.0,77.0,24.0,382.0,127.0,Good,36.0,16.0,No,Yes
6.15,146.0,68.0,12.0,328.0,132.0,Bad,51.0,14.0,Yes,Yes
6.1,153.0,63.0,0.0,49.0,124.0,Bad,56.0,16.0,Yes,No
8.67,125.0,62.0,14.0,477.0,112.0,Medium,80.0,13.0,Yes,Yes
10.0,114.0,43.0,0.0,199.0,88.0,Good,57.0,10.0,No,Yes
7.82,124.0,25.0,13.0,87.0,110.0,Medium,57.0,10.0,Yes,Yes
2.23,111.0,25.0,0.0,52.0,121.0,Bad,43.0,18.0,No,No
8.41,94.0,84.0,13.0,497.0,77.0,Medium,51.0,12.0,Yes,Yes
6.95,128.0,29.0,5.0,324.0,159.0,Good,31.0,15.0,Yes,Yes
7.41,162.0,26.0,12.0,368.0,159.0,Medium,40.0,18.0,Yes,Yes
7.64,128.0,78.0,0.0,341.0,128.0,Good,45.0,13.0,No,No
10.49,122.0,84.0,8.0,176.0,114.0,Good,57.0,10.0,No,Yes
8.89,122.0,76.0,0.0,270.0,100.0,Good,60.0,18.0,No,No
4.15,141.0,64.0,5.6,340.0,128.0,Bad,38.0,13.0,Yes,No
11.85,136.0,81.0,15.0,425.0,120.0,Good,67.0,10.0,Yes,Yes
4.97,162.0,67.0,0.0,27.0,160.0,Medium,77.0,17.0,Yes,Yes
5.87,136.0,60.0,7.0,303.0,147.0,Medium,41.0,10.0,Yes,Yes
7.64,128.0,78.0,0.0,341.0,128.0,Good,45.0,13.0,No,No
5.31,130.0,35.0,10.0,402.0,129.0,Bad,39.0,17.0,Yes,Yes
3.15,117.0,66.0,1.0,65.0,111.0,Bad,55.0,11.0,Yes,Yes
6.88,96.0,39.0,0.0,161.0,112.0,Good,27.0,14.0,No,No
8.43,138.0,80.0,0.0,108.0,126.0,Good,70.0,13.0,No,Yes
4.69,133.0,30.0,0.0,152.0,122.0,Medium,53.0,17.0,Yes,No
13.28,139.0,70.0,7.0,71.0,96.0,Good,61.0,10.0,Yes,Yes
7.67,129.0,117.0,8.0,400.0,101.0,Bad,36.0,10.0,Yes,Yes
13.44,133.0,103.0,14.0,288.0,122.0,Good,61.0,17.0,Yes,Yes
5.28,108.0,77.0,13.0,388.0,110.0,Bad,74.0,14.0,Yes,Yes
11.54,134.0,44.0,4.0,219.0,126.0,Good,44.0,15.0,Yes,Yes
7.23,112.0,98.0,18.0,481.0,128.0,Medium,45.0,11.0,Yes,Yes
6.254,107.0,117.0,11.0,148.0,118.0,Good,52.0,18.0,Yes,Yes
3.47,108.0,38.0,0.0,251.0,81.0,Bad,72.0,14.0,No,No
4.9,122.0,26.0,0.0,197.0,128.0,Medium,55.0,13.0,No,No
3.47,108.0,38.0,0.0,251.0,81.0,Bad,72.0,14.0,No,No
8.55,134.0,107.0,0.0,104.0,108.0,Medium,60.0,12.0,Yes,No
4.15,141.0,64.0,5.6,340.0,128.0,Bad,38.0,13.0,Yes,No
11.96,117.0,94.0,4.0,503.0,94.0,Good,50.0,13.0,Yes,Yes
4.62,121.0,96.0,0.0,472.0,138.0,Medium,51.0,12.0,Yes,No
3.9,124.0,65.0,21.0,496.0,151.0,Bad,77.0,13.0,Yes,Yes
10.26,111.0,75.0,1.0,377.0,108.0,Good,25.0,12.0,Yes,No
0.91,93.0,91.0,0.0,22.0,117.0,Bad,75.0,11.0,Yes,No
9.32,119.0,60.0,0.0,372.0,70.0,Bad,30.0,18.0,No,No
6.39,131.0,21.0,8.0,220.0,171.0,Good,29.0,14.0,Yes,Yes
7.74,150.0,96.0,0.0,80.0,154.0,Good,61.0,11.0,Yes,No
7.74,150.0,96.0,0.0,80.0,154.0,Good,61.0,11.0,Yes,No
4.9,134.0,103.0,13.0,25.0,144.0,Medium,76.0,17.0,No,Yes
6.41,142.0,30.0,0.0,472.0,136.0,Good,80.0,15.0,No,No
0.37,147.0,58.0,7.0,100.0,191.0,Bad,27.0,15.0,Yes,Yes
5.47,108.0,75.0,9.0,61.0,111.0,Medium,67.0,12.0,Yes,Yes
16.27,141.0,60.0,19.0,319.0,92.0,Good,44.0,11.0,Yes,Yes
11.91,133.0,82.0,0.0,54.0,84.0,Medium,50.0,17.0,Yes,No
7.58,118.0,32.0,0.0,284.0,110.0,Good,63.0,13.0,Yes,No
6.2,150.0,68.0,5.0,125.0,136.0,Medium,64.0,13.0,No,Yes
6.53,123.0,57.0,0.0,66.0,105.0,Medium,39.0,11.0,Yes,No
11.48,104.0,41.0,15.0,492.0,77.0,Good,73.0,18.0,Yes,Yes
11.85,136.0,81.0,15.0,425.0,120.0,Good,67.0,10.0,Yes,Yes
7.45,161.0,82.0,5.0,287.0,129.0,Bad,33.0,16.0,Yes,Yes
13.55,125.0,94.0,0.0,447.0,89.0,Good,30.0,12.0,Yes,No
9.71,134.0,37.0,0.0,27.0,120.0,Good,49.0,16.0,Yes,Yes
10.04,116.0,106.0,8.0,244.0,86.0,Medium,58.0,12.0,Yes,Yes
5.52,115.0,45.0,0.0,432.0,116.0,Medium,25.0,15.0,Yes,No
12.04,145.0,69.0,19.0,501.0,105.0,Medium,45.0,11.0,Yes,Yes
9.48,147.0,42.0,10.0,407.0,132.0,Good,73.0,16.0,No,Yes
6.81,132.0,61.0,0.0,263.0,125.0,Medium,41.0,12.0,No,No
11.19,122.0,69.0,7.0,303.0,105.0,Good,45.0,16.0,No,Yes
6.92,109.0,64.0,13.0,39.0,119.0,Medium,61.0,17.0,Yes,Yes
16.27,141.0,60.0,19.0,319.0,92.0,Good,44.0,11.0,Yes,Yes
6.95,128.0,29.0,5.0,324.0,159.0,Good,31.0,15.0,Yes,Yes
8.07,116.0,37.0,0.0,426.0,90.0,Medium,76.0,15.0,Yes,No
5.99,117.0,42.0,10.0,371.0,121.0,Bad,26.0,14.0,Yes,Yes
11.67,125.0,89.0,10.0,380.0,87.0,Bad,28.0,10.0,Yes,Yes
7.78,144.0,25.0,3.0,70.0,116.0,Medium,77.0,18.0,Yes,Yes
1.42,99.0,32.0,18.0,341.0,108.0,Bad,80.0,16.0,Yes,Yes
7.22,114.0,113.0,2.0,129.0,151.0,Good,40.0,15.0,No,Yes
3.91,116.0,52.0,0.0,349.0,98.0,Bad,69.0,18.0,Yes,No
5.28,108.0,77.0,13.0,388.0,110.0,Bad,74.0,14.0,Yes,Yes
8.77,114.0,38.0,13.0,317.0,128.0,Good,50.0,16.0,Yes,Yes
6.97,106.0,46.0,11.0,414.0,96.0,Bad,79.0,17.0,No,No
6.67,156.0,42.0,13.0,170.0,173.0,Good,74.0,14.0,Yes,Yes
5.87,121.0,31.0,0.0,292.0,109.0,Medium,79.0,10.0,Yes,No
9.62,151.0,28.0,8.0,499.0,135.0,Medium,48.0,10.0,Yes,Yes
6.01,131.0,29.0,11.0,335.0,127.0,Bad,33.0,12.0,Yes,Yes
7.96,157.0,53.0,0.0,403.0,124.0,Bad,58.0,16.0,Yes,No
4.17,123.0,96.0,10.0,71.0,118.0,Bad,69.0,11.0,Yes,Yes
10.26,111.0,75.0,1.0,377.0,108.0,Good,25.0,12.0,Yes,No
3.45,110.0,45.0,9.0,276.0,125.0,Medium,62.0,14.0,Yes,Yes
11.96,117.0,94.0,4.0,503.0,94.0,Good,50.0,13.0,Yes,Yes
7.58,118.0,32.0,0.0,284.0,110.0,Good,63.0,13.0,Yes,No
12.49,122.0,77.0,24.0,382.0,127.0,Good,36.0,16.0,No,Yes
9.09,132.0,68.0,0.0,264.0,123.0,Good,34.0,11.0,No,No
6.11,133.0,88.0,3.0,105.0,119.0,Medium,79.0,12.0,Yes,Yes
5.07,123.0,91.0,0.0,334.0,96.0,Bad,78.0,17.0,Yes,Yes
9.16,140.0,50.0,10.0,300.0,139.0,Good,60.0,15.0,Yes,Yes
7.8,119.0,33.0,0.0,245.0,122.0,Good,56.0,14.0,Yes,No
4.15,141.0,64.0,5.6,340.0,128.0,Bad,38.0,13.0,Yes,No
5.99,117.0,42.0,10.0,371.0,121.0,Bad,26.0,14.0,Yes,Yes
8.68,120.0,51.0,0.0,93.0,86.0,Medium,46.0,17.0,No,No
8.87,131.0,113.0,0.0,181.0,120.0,Good,63.0,14.0,Yes,No
12.57,132.0,102.0,20.0,459.0,107.0,Good,49.0,11.0,Yes,Yes
7.02,130.0,100.0,0.0,306.0,146.0,Good,42.0,11.0,Yes,No
7.49,146.0,34.0,0.0,220.0,157.0,Good,51.0,16.0,Yes,No
7.68,126.0,41.0,22.0,403.0,119.0,Bad,42.0,12.0,Yes,Yes
5.42,103.0,93.0,15.0,188.0,103.0,Bad,74.0,16.0,Yes,Yes
7.43,121.0,83.0,0.0,79.0,91.0,Medium,68.0,11.0,Yes,No
11.96,117.0,94.0,4.0,503.0,94.0,Good,50.0,13.0,Yes,Yes
8.54,139.0,35.0,0.0,95.0,129.0,Medium,42.0,13.0,Yes,No
9.16,140.0,50.0,10.0,300.0,139.0,Good,60.0,15.0,Yes,Yes
8.03,115.0,29.0,26.0,394.0,132.0,Medium,33.0,13.0,Yes,Yes
10.61,157.0,93.0,0.0,51.0,149.0,Good,32.0,17.0,Yes,No
7.62,132.0,98.0,2.0,265.0,97.0,Bad,62.0,12.0,Yes,Yes
8.77,118.0,86.0,7.0,265.0,114.0,Good,52.0,15.0,No,Yes
4.83,115.0,115.0,3.0,48.0,107.0,Medium,73.0,18.0,Yes,Yes
9.46,89.0,81.0,15.0,237.0,99.0,Good,74.0,12.0,Yes,Yes
11.18,131.0,111.0,13.0,33.0,80.0,Bad,68.0,18.0,Yes,Yes
3.89,123.0,105.0,0.0,149.0,118.0,Bad,62.0,16.0,Yes,Yes
7.56,108.0,26.0,0.0,408.0,93.0,Medium,56.0,14.0,No,No
5.3,113.0,22.0,0.0,57.0,97.0,Medium,65.0,16.0,No,No
7.72,133.0,33.0,10.0,333.0,129.0,Good,71.0,14.0,Yes,Yes
6.43,124.0,44.0,0.0,125.0,107.0,Medium,80.0,11.0,Yes,No
7.5,140.0,29.0,0.0,105.0,91.0,Bad,43.0,16.0,Yes,No
10.5,122.0,21.0,16.0,488.0,131.0,Good,30.0,14.0,Yes,Yes
6.2,128.0,93.0,0.0,89.0,118.0,Medium,34.0,18.0,Yes,No
7.71,98.0,72.0,0.0,59.0,69.0,Medium,65.0,16.0,Yes,No
7.49,146.0,34.0,0.0,220.0,157.0,Good,51.0,16.0,Yes,No
8.78,130.0,30.0,0.0,391.0,100.0,Medium,26.0,18.0,Yes,No
9.03,104.0,102.0,13.0,123.0,110.0,Good,35.0,16.0,Yes,Yes
11.93,123.0,98.0,12.0,408.0,134.0,Good,29.0,10.0,Yes,Yes
11.96,117.0,94.0,4.0,503.0,94.0,Good,50.0,13.0,Yes,Yes
5.9,138.0,92.0,0.0,13.0,120.0,Bad,61.0,12.0,Yes,No
7.77,116.0,26.0,6.0,434.0,115.0,Medium,25.0,17.0,Yes,Yes
2.34,116.0,83.0,15.0,170.0,144.0,Bad,71.0,11.0,Yes,Yes
5.33,115.0,22.0,0.0,491.0,103.0,Medium,64.0,11.0,No,No
10.98,148.0,63.0,0.0,312.0,130.0,Good,63.0,15.0,Yes,No
4.1,134.0,82.0,0.0,464.0,141.0,Medium,48.0,13.0,No,No
11.62,151.0,83.0,4.0,325.0,139.0,Good,28.0,17.0,Yes,Yes
4.42,121.0,90.0,0.0,150.0,108.0,Bad,75.0,16.0,Yes,No
3.02,98.0,21.0,11.0,326.0,90.0,Bad,76.0,11.0,No,Yes
11.18,131.0,111.0,13.0,33.0,80.0,Bad,68.0,18.0,Yes,Yes
9.32,134.0,27.0,18.0,467.0,96.0,Medium,49.0,14.0,No,Yes
4.94,137.0,112.0,15.0,434.0,149.0,Bad,66.0,13.0,Yes,Yes
6.42,122.0,88.0,5.0,335.0,126.0,Medium,64.0,14.0,Yes,Yes
8.09,132.0,69.0,0.0,123.0,122.0,Medium,27.0,11.0,No,No
9.14,134.0,67.0,0.0,286.0,90.0,Bad,41.0,13.0,Yes,No
9.58,108.0,104.0,23.0,353.0,129.0,Good,37.0,17.0,Yes,Yes
4.15,141.0,64.0,5.6,340.0,128.0,Bad,38.0,13.0,Yes,No
10.64,102.0,87.0,10.0,346.0,70.0,Medium,64.0,15.0,Yes,Yes
12.53,142.0,90.0,1.0,189.0,112.0,Good,39.0,10.0,No,Yes
9.49,107.0,111.0,14.0,400.0,103.0,Medium,41.0,11.0,No,Yes
12.57,132.0,102.0,20.0,459.0,107.0,Good,49.0,11.0,Yes,Yes
5.17,138.0,35.0,6.0,60.0,143.0,Bad,28.0,18.0,Yes,No
9.34,89.0,78.0,0.0,181.0,49.0,Medium,43.0,15.0,No,No
5.83,134.0,82.0,7.0,473.0,112.0,Bad,51.0,12.0,No,Yes
10.71,109.0,22.0,10.0,348.0,79.0,Good,74.0,14.0,No,Yes
3.24,130.0,60.0,0.0,144.0,138.0,Bad,38.0,10.0,No,No
7.74,150.0,96.0,0.0,80.0,154.0,Good,61.0,11.0,Yes,No
5.81,125.0,111.0,0.0,404.0,107.0,Bad,54.0,15.0,Yes,No
6.1,153.0,63.0,0.0,49.0,124.0,Bad,56.0,16.0,Yes,No
5.17,131.0,75.0,0.0,10.0,120.0,Bad,31.0,18.0,No,No
13.36,103.0,73.0,3.0,276.0,72.0,Medium,34.0,15.0,Yes,Yes
10.1,135.0,63.0,15.0,213.0,134.0,Medium,32.0,10.0,Yes,Yes
7.81,137.0,102.0,13.0,422.0,118.0,Medium,71.0,10.0,No,Yes
5.42,103.0,93.0,15.0,188.0,103.0,Bad,74.0,16.0,Yes,Yes
